company,tiers
Google,FAANG;Top MNC
Meta,FAANG;Top MNC
Facebook,FAANG;Top MNC
Amazon,FAANG;Top MNC
Apple,FAANG;Top MNC
Netflix,FAANG;Top MNC
Microsoft,FAANG;Top MNC
Adobe,Top MNC
Oracle,Top MNC
IBM,Top MNC
Intel,Top MNC
Nvidia,Top MNC
Salesforce,Top MNC
SAP,Top MNC
Cisco,Top MNC
Qualcomm,Top MNC
Samsung,Top MNC
Walmart,Top MNC
PayPal,Top MNC
Uber,Top MNC
Atlassian,Top MNC
Goldman Sachs,Top MNC
JPMorgan Chase,Top MNC
Morgan Stanley,Top MNC
Accenture,Top MNC
Deloitte,Top MNC
Capgemini,Top MNC
Cognizant,Top MNC
Infosys,Top MNC
Tata Consultancy Services,Top MNC
Wipro,Top MNC
HCL,Top MNC
Tech Mahindra,Top MNC
ISRO,Government
DRDO,Government
Bharat Electronics,Government
BHEL,Government
National Informatics Centre,Government
NIC,Government
CDAC,Government
State Bank of India,Government
ONGC,Government
Indian Railways,Government
Flipkart,Unicorn;Startup
Razorpay,Unicorn;Startup
Meesho,Unicorn;Startup
CRED,Unicorn;Startup
PhonePe,Unicorn;Startup
Groww,Unicorn;Startup
Postman,Unicorn;Startup
Dream11,Unicorn;Startup
Zepto,Unicorn;Startup
Swiggy,Unicorn
Zomato,Unicorn
Paytm,Unicorn
Ola,Unicorn
Freshworks,Unicorn
Zerodha,Startup
Sarvam AI,Startup
Atlan,Startup