occupation_code,skill_name,skill_type,relevance,is_trending
AI-0001.00,python,tech_specific,6.0,True
AI-0001.00,generative ai,tech_specific,6.0,True
AI-0001.00,large language models,tech_specific,5.0,True
AI-0001.00,prompt engineering,tech_specific,5.0,True
AI-0001.00,nlp,tech_specific,5.0,True
AI-0002.00,python,tech_specific,6.0,True
AI-0002.00,large language models,tech_specific,6.0,True
AI-0002.00,prompt engineering,tech_specific,5.0,True
AI-0002.00,generative ai,tech_specific,5.0,True
AI-0002.00,api development,tech_specific,5.0,True
AI-0003.00,machine learning,tech_specific,6.0,True
AI-0003.00,docker,tech_specific,6.0,True
AI-0003.00,kubernetes,tech_specific,5.0,True
AI-0003.00,ci/cd,tech_specific,5.0,True
AI-0003.00,python,tech_specific,5.0,True
AI-0003.00,aws,tech_specific,5.0,True
AI-0004.00,large language models,tech_specific,6.0,True
AI-0004.00,docker,tech_specific,6.0,True
AI-0004.00,kubernetes,tech_specific,5.0,True
AI-0004.00,python,tech_specific,5.0,True
AI-0004.00,cloud computing,tech_specific,5.0,True
AI-0005.00,prompt engineering,tech_specific,6.0,True
AI-0005.00,large language models,tech_specific,6.0,True
AI-0005.00,generative ai,tech_specific,5.0,True
AI-0005.00,nlp,tech_specific,5.0,True
AI-0006.00,python,tech_specific,6.0,True
AI-0006.00,deep learning,tech_specific,6.0,True
AI-0006.00,pytorch,tech_specific,5.0,True
AI-0006.00,tensorflow,tech_specific,5.0,True
AI-0006.00,machine learning,tech_specific,5.0,True
AI-0007.00,python,tech_specific,6.0,True
AI-0007.00,machine learning,tech_specific,6.0,True
AI-0007.00,deep learning,tech_specific,5.0,True
AI-0007.00,scikit-learn,tech_specific,5.0,True
AI-0007.00,sql,tech_specific,5.0,True
AI-0008.00,python,tech_specific,6.0,True
AI-0008.00,generative ai,tech_specific,6.0,True
AI-0008.00,nlp,tech_specific,5.0,True
AI-0008.00,data analysis,tech_specific,5.0,True
AI-0008.00,machine learning,tech_specific,5.0,True
AI-0009.00,nlp,tech_specific,6.0,True
AI-0009.00,python,tech_specific,6.0,True
AI-0009.00,large language models,tech_specific,5.0,True
AI-0009.00,api development,tech_specific,5.0,True
AI-0010.00,product management,tech_specific,6.0,True
AI-0010.00,machine learning,tech_specific,6.0,True
AI-0010.00,generative ai,tech_specific,5.0,True
AI-0010.00,leadership,tech_specific,5.0,True
AI-0011.00,python,tech_specific,6.0,True
AI-0011.00,computer vision,tech_specific,6.0,True
AI-0011.00,opencv,tech_specific,5.0,True
AI-0011.00,deep learning,tech_specific,5.0,True
AI-0011.00,pytorch,tech_specific,5.0,True
AI-0012.00,python,tech_specific,6.0,True
AI-0012.00,nlp,tech_specific,6.0,True
AI-0012.00,machine learning,tech_specific,5.0,True
AI-0012.00,deep learning,tech_specific,5.0,True
AI-0013.00,cloud computing,tech_specific,6.0,True
AI-0013.00,kubernetes,tech_specific,6.0,True
AI-0013.00,docker,tech_specific,5.0,True
AI-0013.00,aws,tech_specific,5.0,True
AI-0013.00,system design,tech_specific,5.0,True
AI-0014.00,large language models,tech_specific,6.0,True
AI-0014.00,python,tech_specific,6.0,True
AI-0014.00,nlp,tech_specific,5.0,True
AI-0014.00,api development,tech_specific,5.0,True
AI-0015.00,machine learning,tech_specific,6.0,True
AI-0015.00,python,tech_specific,6.0,True
AI-0015.00,statistics,tech_specific,5.0,True
AI-0015.00,nlp,tech_specific,5.0,True
AI-0016.00,python,tech_specific,6.0,True
AI-0016.00,react,tech_specific,6.0,True
AI-0016.00,javascript,tech_specific,5.0,True
AI-0016.00,api development,tech_specific,5.0,True
AI-0016.00,generative ai,tech_specific,5.0,True
AI-0017.00,python,tech_specific,6.0,True
AI-0017.00,sql,tech_specific,6.0,True
AI-0017.00,etl pipelines,tech_specific,5.0,True
AI-0017.00,apache spark,tech_specific,5.0,True
AI-0017.00,data engineering,tech_specific,5.0,True
AI-0018.00,aws,tech_specific,6.0,True
AI-0018.00,azure,tech_specific,6.0,True
AI-0018.00,gcp,tech_specific,5.0,True
AI-0018.00,machine learning,tech_specific,5.0,True
AI-0018.00,cloud computing,tech_specific,5.0,True
AI-0019.00,machine learning,tech_specific,6.0,True
AI-0019.00,statistics,tech_specific,6.0,True
AI-0019.00,python,tech_specific,5.0,True
AI-0020.00,python,tech_specific,6.0,True
AI-0020.00,generative ai,tech_specific,6.0,True
AI-0020.00,machine learning,tech_specific,5.0,True
AI-0020.00,data engineering,tech_specific,5.0,True
AI-0021.00,devops,tech_specific,6.0,True
AI-0021.00,cybersecurity,tech_specific,6.0,True
AI-0021.00,ci/cd,tech_specific,5.0,True
AI-0021.00,docker,tech_specific,5.0,True
AI-0021.00,network security,tech_specific,5.0,True
AI-0022.00,kubernetes,tech_specific,6.0,True
AI-0022.00,docker,tech_specific,6.0,True
AI-0022.00,terraform,tech_specific,5.0,True
AI-0022.00,ci/cd,tech_specific,5.0,True
AI-0022.00,devops,tech_specific,5.0,True
AI-0023.00,linux,tech_specific,6.0,True
AI-0023.00,kubernetes,tech_specific,6.0,True
AI-0023.00,system design,tech_specific,5.0,True
AI-0023.00,devops,tech_specific,5.0,True
AI-0023.00,bash,tech_specific,5.0,True
AI-0024.00,aws,tech_specific,6.0,True
AI-0024.00,azure,tech_specific,6.0,True
AI-0024.00,gcp,tech_specific,5.0,True
AI-0024.00,system design,tech_specific,5.0,True
AI-0024.00,cloud computing,tech_specific,5.0,True
AI-0025.00,kubernetes,tech_specific,6.0,True
AI-0025.00,docker,tech_specific,6.0,True
AI-0025.00,devops,tech_specific,5.0,True
AI-0025.00,linux,tech_specific,5.0,True
AI-0026.00,blockchain,tech_specific,6.0,True
AI-0026.00,solidity,tech_specific,6.0,True
AI-0026.00,web3,tech_specific,5.0,True
AI-0026.00,javascript,tech_specific,5.0,True
AI-0027.00,web3,tech_specific,6.0,True
AI-0027.00,blockchain,tech_specific,6.0,True
AI-0027.00,solidity,tech_specific,5.0,True
AI-0027.00,javascript,tech_specific,5.0,True
AI-0028.00,sql,tech_specific,6.0,True
AI-0028.00,data visualization,tech_specific,6.0,True
AI-0028.00,tableau,tech_specific,5.0,True
AI-0028.00,power bi,tech_specific,5.0,True
AI-0028.00,python,tech_specific,5.0,True
AI-0029.00,sql,tech_specific,6.0,True
AI-0029.00,data engineering,tech_specific,6.0,True
AI-0029.00,data analysis,tech_specific,5.0,True
AI-0029.00,python,tech_specific,5.0,True
AI-0030.00,a/b testing,tech_specific,6.0,True
AI-0030.00,data analysis,tech_specific,6.0,True
AI-0030.00,javascript,tech_specific,5.0,True
AI-0030.00,sql,tech_specific,5.0,True
AI-0031.00,ci/cd,tech_specific,6.0,True
AI-0031.00,git,tech_specific,6.0,True
AI-0031.00,devops,tech_specific,5.0,True
AI-0031.00,python,tech_specific,5.0,True
AI-0032.00,machine learning,tech_specific,6.0,True
AI-0032.00,embedded systems,tech_specific,6.0,True
AI-0032.00,python,tech_specific,5.0,True
AI-0032.00,iot,tech_specific,5.0,True
AI-0033.00,python,tech_specific,6.0,True
AI-0033.00,algorithms,tech_specific,6.0,True
AI-0033.00,statistics,tech_specific,5.0,True
AI-0034.00,unity,tech_specific,6.0,True
AI-0034.00,unreal engine,tech_specific,6.0,True
AI-0034.00,game development,tech_specific,5.0,True
AI-0034.00,c#,tech_specific,5.0,True
AI-0035.00,product management,tech_specific,6.0,True
AI-0035.00,machine learning,tech_specific,6.0,True
AI-0035.00,system design,tech_specific,5.0,True
AI-0036.00,machine learning,tech_specific,6.0,True
AI-0036.00,product management,tech_specific,6.0,True
AI-0036.00,leadership,tech_specific,5.0,True
AI-0037.00,kubernetes,tech_specific,6.0,True
AI-0037.00,docker,tech_specific,6.0,True
AI-0037.00,machine learning,tech_specific,5.0,True
AI-0037.00,python,tech_specific,5.0,True
AI-0037.00,devops,tech_specific,5.0,True
AI-0038.00,cybersecurity,tech_specific,6.0,True
AI-0038.00,cryptography,tech_specific,6.0,True
AI-0038.00,sql,tech_specific,5.0,True
AI-0038.00,python,tech_specific,5.0,True
AI-0039.00,cybersecurity,tech_specific,6.0,True
AI-0039.00,network security,tech_specific,6.0,True
AI-0039.00,python,tech_specific,5.0,True
AI-0039.00,machine learning,tech_specific,5.0,True
AI-0040.00,api development,tech_specific,6.0,True
AI-0040.00,rest api,tech_specific,6.0,True
AI-0040.00,graphql,tech_specific,5.0,True
AI-0040.00,javascript,tech_specific,5.0,True
AI-0041.00,product management,tech_specific,6.0,True
AI-0041.00,ui/ux design,tech_specific,6.0,True
AI-0042.00,nlp,tech_specific,6.0,True
AI-0042.00,leadership,tech_specific,6.0,True
AI-0042.00,data analysis,tech_specific,5.0,True
AI-0043.00,nlp,tech_specific,6.0,True
AI-0043.00,python,tech_specific,6.0,True
AI-0043.00,machine learning,tech_specific,5.0,True
AI-0044.00,machine learning,tech_specific,6.0,True
AI-0044.00,python,tech_specific,6.0,True
AI-0044.00,sql,tech_specific,5.0,True
AI-0044.00,algorithms,tech_specific,5.0,True
AI-0045.00,algorithms,tech_specific,6.0,True
AI-0045.00,python,tech_specific,6.0,True
AI-0045.00,elasticsearch,tech_specific,5.0,True
AI-0045.00,machine learning,tech_specific,5.0,True
AI-0046.00,sql,tech_specific,6.0,True
AI-0046.00,data engineering,tech_specific,6.0,True
AI-0046.00,compliance software,tech_specific,5.0,True
AI-0047.00,technical writing,tech_specific,6.0,True
AI-0047.00,machine learning,tech_specific,6.0,True
AI-0047.00,python,tech_specific,5.0,True
AI-0048.00,automation testing,tech_specific,6.0,True
AI-0048.00,python,tech_specific,6.0,True
AI-0048.00,machine learning,tech_specific,5.0,True
AI-0048.00,manual testing,tech_specific,5.0,True
AI-0049.00,aws,tech_specific,6.0,True
AI-0049.00,azure,tech_specific,6.0,True
AI-0049.00,cloud computing,tech_specific,5.0,True
AI-0049.00,financial analysis software,tech_specific,5.0,True
AI-0050.00,iot,tech_specific,6.0,True
AI-0050.00,python,tech_specific,6.0,True
AI-0050.00,data visualization,tech_specific,5.0,True
AI-0050.00,embedded systems,tech_specific,5.0,True
